Order,Symbol,Name,Atomic Number,Group,Period,Type,Subtype,State,Valence,"Atomic Weight
(uma)",density g/mL,Boiling point,Fusion Point,Amount of Valences,Oxide_ValenceOrder1,Oxide_ValenceOrder2,Oxide_ValenceOrder3,Oxide_ValenceOrder4,Oxide_ValenceOrder5
1,H,Hidrógeno,1,1,1,Non-metal,Other Non-Metals,Gas,1,1.007975,0.0000699,-252.9,-259.1,1,de Hidrógeno,,,,
2,He,Helio,2,18,1,Noble gas,-,Gas,0,4.002602,0.000179,-268.9,-272.2,1,Helio,,,,
3,Li,Litio,3,1,2,Metal,Alkaline,Solid,1,6.9675,543,1342,180.5,1,de Litio,,,,
4,Be,Berilio,4,2,2,Metal,Alkaline earths,Solid,2,9.0121831,1.85,2970,1278,1,de Berilio,,,,
5,B,Boro,5,13,2,Metalloid,-,Solid,3,10.8135,2.34,2550,2079,1,de Boro,,,,
8,O,Oxígeno,8,16,2,Non-metal,Other Non-Metals,Gas,2,15.9994,0.00143,-183,-218.4,1,Oxígeno,,,,
9,F,Flúor,9,17,2,Non-metal,Halogens,Gas,1,18.99840316,0.0017,-188.1,-219.8,1,de Flúor,,,,
10,Ne,Neón,10,18,2,Noble gas,-,Gas,0,20.1797,0.0009,-248.7,-248,1,Neón,,,,
11,Na,Sodio,11,1,3,Metal,Alkaline,Solid,1,22.98976928,971,883,97.8,1,de Sodio,,,,
12,Mg,Magnesio,12,2,3,Metal,Alkaline earths,Solid,2,24.3055,1.74,1090,649,1,de Magnesio,,,,
13,Al,Aluminio,13,13,3,Metal,Metals from Block p,Solid,3,26.9815385,2.7,2467,660,1,de Aluminio,,,,
14,Si,Silicio,14,14,3,Metalloid,-,Solid,4,28085,2.33,2355,1410,1,de Silicio,,,,
18,Ar,Argón,18,18,3,Noble gas,-,Gas,0,39948,0.00178,-185.7,-189.2,1,Argón,,,,
19,K,Potasio,19,1,4,Metal,Alkaline,Solid,1,39.0983,0.86,760,63.25,1,de Potasio,,,,
20,Ca,Calcio,20,2,4,Metal,Alkaline earths,Solid,2,40078,1.55,1484,839,1,de Calcio,,,,
21,Sc,Escandio,21,3,4,Metal,Transition Metals,Solid,3,44.955908,2.99,2832,1541,1,de Escandio,,,,
30,Zn,Zinc,30,12,4,Metal,Transition Metals,Solid,2,65.38,7.13,906,419.6,1,de Zinc,,,,
31,Ga,Galio,31,13,4,Metal,Metals from Block p,Liquid,3,69723,5.9,2403,29.8,1,de Galio,,,,
32,Ge,Germanio,32,14,4,Metalloid,-,Solid,4,72.63,5.32,2830,947.4,1,de Germanio,,,,
36,Kr,Criptón,36,18,4,Noble gas,-,Gas,0,83798,0.00374,-152,-157,1,Criptón,,,,
37,Rb,Rubidio,37,1,5,Metal,Alkaline,Solid,1,85.4678,1.53,686,38.9,1,de Rubidio,,,,
38,Sr,Estroncio,38,2,5,Metal,Alkaline earths,Solid,2,87.62,2.54,1384,769,1,de Estroncio,,,,
39,Y,Yodo,39,3,5,Metal,Transition Metals,Solid,3,88.90584,4.47,3337,1523,1,de Yodo,,,,
40,Zr,Circonio,40,4,5,Metal,Transition Metals,Solid,4,91224,6.51,4377,1852,1,de Circonio,,,,
43,Tc,Tecnecio,43,7,5,Metal,Transition Metals,Solid,7,98,11.5,4877,2172,1,de Tecnecio,,,,
47,Ag,Plata,47,11,5,Metal,Transition Metals,Solid,1,107.8682,10.5,2212,962,1,de Plata,,,Silver,
48,Cd,Cadmio,48,12,5,Metal,Transition Metals,Solid,2,112414,8.65,765,320.9,1,de Cadmio,,,Cadmium,
49,In,Indio,49,13,5,Metal,Metals from Block p,Solid,3,114818,7.31,2080,156.6,1,de Indio,,,Indian,
54,Xe,Xenón,54,18,5,Noble gas,-,Gas,0,131293,0.00589,-107.1,-111.8,1,Xenón,,,Xenon,
55,Cs,Cesio,55,1,6,Metal,Alkaline,Liquid,1,132.905452,1.87,669,28.4,1,de Cesio,,,Cesium,
56,Ba,Bario,56,2,6,Metal,Alkaline earths,Solid,2,137327,3.5,1640,725,1,de Bario,,,Barium,
57,La,Lantano,57,3,6,Metal,Lanthanides,Solid,3,138.90547,6.15,3454,920,1,de Lantano,,,Lanthanum,
60,Nd,Neodimio,60,3,6,Metal,Lanthanides,Solid,3,144242,7,3127,1016,1,de Neodimio,,,Neodymium,
61,Pm,Prometio,61,3,6,Metal,Lanthanides,Solid,3,145,7.26,3000,1042,1,de Prometio,,,Promise,
64,Gd,Gadolinio,64,3,6,Metal,Lanthanides,Solid,3,157.25,7.9,3273,1313,1,de Gadolinio,,,Gadolinium,
66,Dy,Disprosio,66,3,6,Metal,Lanthanides,Solid,3,162.5,8.55,2567,1412,1,de Disprosio,,,Dysprosium,
67,Ho,Holmio,67,3,6,Metal,Lanthanides,Solid,3,164.93033,8.8,2700,1474,1,de Holmio,,,Holmium,
68,Er,Erbio,68,3,6,Metal,Lanthanides,Solid,3,167259,9.07,2868,1529,1,de Erbio,,,Erbium,
71,Lu,Lutecio,71,3,6,Metal,Lanthanides,Solid,3,174.9668,9.84,3402,1663,1,de Lutecio,,,Lutetium,
72,Hf,Hafnio,72,4,6,Metal,Lanthanides,Solid,4,178.49,13.3,4600,2227,1,de Hafnio,,,Hafnium,
73,Ta,Tantalio,73,5,6,Metal,Lanthanides,Solid,5,180.94788,16.6,5425,2996,1,de Tantalio,,,Tantalum,
86,Rn,Radón,86,18,6,Noble gas,-,Gas,0,222,0.00973,-61.8,-71,1,Radón,,,Radon,
87,Fr,Francio,87,1,7,Metal,Alkaline,Liquid,1,223,,677,27,1,de Francio,,,Francius,
88,Ra,Radio,88,2,7,Metal,Alkaline earths,Solid,2,226,5,1140,700,1,Radio,,,Radio,
89,Ac,Actinio,89,3,7,Metal,Actinides,Solid,3,227,10.1,3200,1050,1,de Actinio,,,Actinium,
90,Th,Torio,90,3,7,Metal,Actinides,Solid,4,232.0377,11.7,4790,1750,1,de Torio,,,Thorium,
96,Cm,Curio,96,3,7,Metal,Actinides,???,3,247,13.5,,1340,1,de Curio,,,Curium,
98,Cf,Californio,98,3,7,Metal,Actinides,???,3,251,,,,1,de Californio,,,Californium,
99,Es,Einstenio,99,3,7,Metal,Actinides,???,4,252,,,,1,de Einstenio,,,Einsteinium,
100,Fm,Fermio,100,3,7,Metal,Actinides,???,4,257,,,,1,de Fermio,,,Fermium,
104,Rf,Rutherfordio,104,3,7,Metal,Actinides,???,4,267,,,,1,de Rutherfordio,,,Rutherfordio,
105,Db,Dubnium,105,3,7,Metal,Actinides,???,4,268,,,,1,de Dubnium,,,Dubnium,
106,Sg,Seaborgio,106,3,7,Metal,Actinides,???,4,271,,,,1,de Seaborgio,,,Seaborgio,
113,Nh,Nihonium,113,3,7,Metal,Actinides,???,3,284,,,,1,de Nihonium,,,Nihonium,
6,C,Carbón,6,14,2,Non-metal,Other Non-Metals,Solid,2;4,12.0106,2.25,4827,3367,2,Carbonoso,Carbónico,,,
22,Ti,Titanio,22,4,4,Metal,Transition Metals,Solid,3;4,47867,4.54,3287,1660,2,Titanoso,Titánico,,,
26,Fe,Hierro,26,8,4,Metal,Transition Metals,Solid,2;3,55845,7.86,2750,1535,2,Ferroso,Férrico,,,
27,Co,Cobalto,27,9,4,Metal,Transition Metals,Solid,2;3,58.933194,8.9,2870,1495,2,Cobaltoso,Cobáltico,,,
28,Ni,Níquel,28,10,4,Metal,Transition Metals,Solid,2;3,58.6934,8.9,2730,1453,2,Niqueloso,Niquélico,,,
29,Cu,Cobre,29,11,4,Metal,Transition Metals,Solid,1;2,63546,8.96,2567,1083,2,Cuproso,Cúprico,,,
33,As,Arsénico,33,15,4,Metalloid,-,Solid,3;5,74.921595,5.73,617,817,2,Arsenioso,Arsenicico,,,
34,Se,Selenio,34,16,4,Non-metal,Other Non-Metals,Solid,4;6,78971,4.79,685,217,2,Selenioso,Selénico,,,
35,Br,Bromo,35,17,4,Non-metal,Halogens,Liquid,1;5,79904,3.12,58.8,-7.2,2,Bromoso,Brómico,,,
41,Nb,Niobio,41,5,5,Metal,Transition Metals,Solid,3;5,92.90637,8.57,4742,2468,2,Niobioso,Nióbico,,,
46,Pd,Paladio,46,10,5,Metal,Transition Metals,Solid,2;4,106.42,12,3140,1554,2,Paladoso,Paládico,,,
50,Sn,Estaño,50,14,5,Metal,Metals from Block p,Solid,2;4,118.71,7.31,2270,232,2,Estaño,Tin;Tin,Tin;Tin,Tin;Tin,
51,Sb,Antimonio,51,15,5,Metalloid,-,Solid,3;5,121.76,6.69,1950,631,2,Antimonio,Antimonious;Antimonic,Antimonious;Antimonic,Antimonious;Antimonic,
58,Ce,Cerio,58,3,6,Metal,Lanthanides,Solid,3;4,140116,6.66,3257,798,2,Cerio,Cerious;Cericus,Cerious;Cericus,Cerious;Cericus,
59,Pr,Praseodimio,59,3,6,Metal,Lanthanides,Solid,3;4,140.90766,6.77,3017,931,2,Praseodimio,Praseodmic;Praseodmic,Praseodmic;Praseodmic,Praseodmic;Praseodmic,
62,Sm,Samario,62,3,6,Metal,Lanthanides,Solid,3;2,150.36,7.52,1794,1074,2,Samario,Samarioso;Samarico,Samarioso;Samarico,Samarioso;Samarico,
63,Eu,Europio,63,3,6,Metal,Lanthanides,Solid,3;2,151964,5.24,1529,822,2,Europio,Europious;Europic,Europious;Europic,Europious;Europic,
65,Tb,Terbio,65,3,6,Metal,Lanthanides,Solid,3;4,158.92535,8.23,3230,1365,2,Terbio,Terbioso;Terbico,Terbioso;Terbico,Terbioso;Terbico,
69,Tm,Tulio,69,3,6,Metal,Lanthanides,Solid,3;2,168.93422,9.32,1950,1545,2,Tulio,Tulioso;Tunic,Tulioso;Tunic,Tulioso;Tunic,
70,Yb,Iterbio,70,3,6,Metal,Lanthanides,Solid,3;2,173054,6.97,1196,819,2,Iterbio,Iterbious;Iterbic,Iterbious;Iterbic,Iterbious;Iterbic,
78,Pt,Platino,78,10,6,Metal,Lanthanides,Solid,2;4,195084,21.4,3827,1772,2,Platino,Platinous;Platinic,Platinous;Platinic,Platinous;Platinic,
79,Au,Oro,79,11,6,Metal,Lanthanides,Solid,1;3,196.966569,19.3,3080,1064,2,Oro,Auroso;Auric,Auroso;Auric,Auroso;Auric,
80,Hg,Mercurio,80,12,6,Metal,Lanthanides,Liquid,1;2,200592,13.5,357,-38.9,2,Mercurio,Mercurose;Mercuric,Mercurose;Mercuric,Mercurose;Mercuric,
81,Tl,Talio,81,13,6,Metal,Lanthanides,Solid,1;3,204.3835,11.9,1457,303,2,Talio,Talioso;Thalic,Talioso;Thalic,Talioso;Thalic,
82,Pb,Dirigir,82,14,6,Metal,Lanthanides,Solid,2;4,207.2,11.4,1740,327.5,2,Dirigir,Lead;Lead,Lead;Lead,Lead;Lead,
83,Bi,Bismuto,83,15,6,Metal,Lanthanides,Solid,3;5,208.9804,9.75,1560,271,2,Bismuto,Bismuth;Bismuth,Bismuth;Bismuth,Bismuth;Bismuth,
84,Po,Polonio,84,16,6,Metalloid,-,Solid,2;4,209,9.32,962,254,2,Polonio,Polonious;Polonian,Polonious;Polonian,Polonious;Polonian,
91,Pa,Protactinio,91,3,7,Metal,Actinides,Solid,4;5,231.03588,15.4,4000,1570,2,Protactinio,Protactinous;Protactinous,Protactinous;Protactinous,Protactinous;Protactinous,
97,Bk,Berkelio,97,3,7,Metal,Actinides,???,3;4,247,14,,986,2,Berkelio,Berkelioso;Berkelico,Berkelioso;Berkelico,Berkelioso;Berkelico,
101,Md,Mendelevio,101,3,7,Metal,Actinides,???,3;4,258,,,,2,Mendelevio,Mendelevious;Mendelevic,Mendelevious;Mendelevic,Mendelevious;Mendelevic,
102,No,Nobelio,102,3,7,Metal,Actinides,???,3;4,259,,,,2,Nobelio,Nobelioso;Nobelic,Nobelioso;Nobelic,Nobelioso;Nobelic,
103,Lr,Laurencio,103,3,7,Metal,Actinides,???,3;4,262,,,,2,Laurencio,Laurenusiast;Laurenic,Laurenusiast;Laurenic,Laurenusiast;Laurenic,
110,Ds,Darmstadtium,110,3,7,Metal,Actinides,???,2;4,281,,,,2,Darmstadtium,Darmstadtious;Darmstatic,Darmstadtious;Darmstatic,Darmstadtious;Darmstatic,
111,Rg,Roentgenio,111,3,7,Metal,Actinides,???,2;3,280,,,,2,Roentgenio,Roentgenic;Roentgenic,Roentgenic;Roentgenic,Roentgenic;Roentgenic,
112,Cn,Copérnico,112,3,7,Metal,Actinides,???,1;2,285,,,,2,Copérnico,Copernicus;Copernicus,Copernicus;Copernicus,Copernicus;Copernicus,
118,Og,Oganeson,118,3,7,Metal,Actinides,???,4;7,294,,,,2,Oganeson,Oganesinous;Oganesic,Oganesinous;Oganesic,Oganesinous;Oganesic,
15,P,Fósforo,15,15,3,Non-metal,Other Non-Metals,Solid,3;4;5,30.973762,1.82,280,44.1,3,Fosforoso,Fosforoso,Fosfórico,,
16,S,Azufre,16,16,3,Non-metal,Other Non-Metals,Solid,2;4;6,32.0675,2.07,444.7,112.8,3,Sulfuroso,Sulfuroso,Sulfúrico,,
24,Cr,Cromo,24,6,4,Metal,Transition Metals,Solid,2;3;6,51.9961,7.19,2672,1857,3,Cromoso,Cromoso,Crómico,,
45,Rh,Rodio,45,9,5,Metal,Transition Metals,Solid,2;3;4,102.9055,12.4,3727,1966,3,Rodioso,Rodioso,Ródico,,
52,Te,Telurio,52,16,5,Metalloid,-,Solid,2;4;6,127.6,6.24,989.8,449.5,3,Telurio,Telluric;Telluric,Telluric;Telluric,Telluric;Telluric,
53,I,Yodo,53,17,5,Non-metal,Halogens,Solid,1;5;7,126.90447,4.93,184,113.5,3,Yodo,Iodine;Iodine,Iodine;Iodine,Iodine;Iodine,
107,Bh,Bohrio,107,3,7,Metal,Actinides,???,3;4;5,272,,,,3,Bohrio,Bohrioso;Bohrico,Bohrioso;Bohrico,Bohrioso;Bohrico,
114,Fl,Flerovio,114,3,7,Metal,Actinides,???,2;4;6,289,,,,3,Flerovio,Flerovioso;Flerovico,Flerovioso;Flerovico,Flerovioso;Flerovico,
115,Mc,Moscovio,115,3,7,Metal,Actinides,???,1;4;5,288,,,,3,Moscovio,Moscovioso;Muscovico,Moscovioso;Muscovico,Moscovioso;Muscovico,
116,Lv,Livermorio,116,3,7,Metal,Actinides,???,3;4;5,293,,,,3,Livermorio,Livermoric;Livermoric,Livermoric;Livermoric,Livermoric;Livermoric,
117,Ts,Tenesino,117,3,7,Metal,Actinides,???,1;2;3,292,,,,3,Tenesino,Tenesinous;Tenesinous,Tenesinous;Tenesinous,Tenesinous;Tenesinous,
7,N,Nitrógeno,7,15,2,Non-metal,Other Non-Metals,Gas,2;3;4;5,14.006855,0.00125,-195.8,-209.9,4,Nitrogenoso,Nitrogenoso,Nítrico,Nítrico,
17,Cl,Cloro,17,17,3,Non-metal,Halogens,Gas,1;3;5;7,35.4515,0.00321,-34.6,-101,4,Cloroso,Cloroso,Clórico,Clórico,
23,V,Vanadio,23,5,4,Metal,Transition Metals,Solid,2;3;4;5,50.9415,6.11,3380,1890,4,Vanadioso,Vanadioso,Vanádico,Vanádico,
77,Ir,Iridio,77,9,6,Metal,Lanthanides,Solid,2;3;4;6,192217,22.4,4130,2410,4,Iridio,Iridious;iridic,Iridious;iridic,Iridious;iridic,
85,At,Astatus,85,17,6,Non-metal,Halogens,Solid,1;3;5;7,210,,337,302,4,Astatus,Astatoso;Asthatic,Astatoso;Asthatic,Astatoso;Asthatic,
92,U,Uranio,92,3,7,Metal,Actinides,Solid,3;4;5;6,238.02891,19,3818,1132,4,Uranio,Uranus;Uranic,Uranus;Uranic,Uranus;Uranic,
93,Np,Neptunio,93,3,7,Metal,Actinides,???,3;4;5;6,237,20.2,3900,640,4,Neptunio,Neptunious;Neptunian,Neptunious;Neptunian,Neptunious;Neptunian,
94,Pu,Plutonio,94,3,7,Metal,Actinides,???,3;4;5;6,244,19.8,3232,641,4,Plutonio,Plutonious;Plutonic,Plutonious;Plutonic,Plutonious;Plutonic,
95,Am,Americio,95,3,7,Metal,Actinides,???,3;4;5;6,243,13.7,2607,994,4,Americio,Americioso;Americo,Americioso;Americo,Americioso;Americo,
108,Hs,Hassio,108,3,7,Metal,Actinides,???,2;4;6;7,270,,,,4,Hassio,Hassioso;Hassico,Hassioso;Hassico,Hassioso;Hassico,
109,Mt,Meitnerius,109,3,7,Metal,Actinides,???,2;3;4;6,276,,,,4,Meitnerius,Meitnerious;Meitneric,Meitnerious;Meitneric,Meitnerious;Meitneric,
25,Mn,Manganeso,25,7,4,Metal,Transition Metals,Solid,2;3;4;6;7,54.938044,7.43,1962,1244,5,Manganoso,Manganoso,Mangánico,Mangánico,Mangánico
42,Mo,Molibdeno,42,6,5,Metal,Transition Metals,Solid,2;3;4;5;6,95.95,10.2,4612,2617,5,Molibdenoso,Molibdenoso,Molibdénico,Molibdénico,Molibdénico
44,Ru,Rutenio,44,8,5,Metal,Transition Metals,Solid,2;3;4;6;8,101.07,12.4,3900,2310,5,Rutenioso,Rutenioso,Ruténico,Ruténico,Ruténico
74,W,Tungsteno,74,6,6,Metal,Lanthanides,Solid,2;3;4;5;6,183.84,19.3,5660,3410,5,Tungsteno,Wolframioso;Wolfrámico,Wolframioso;Wolfrámico,Wolframioso;Wolfrámico,
75,Re,Renio,75,7,6,Metal,Lanthanides,Solid,1;2;4;6;7,186207,21,5600,3180,5,Renio,Renious;Renic,Renious;Renic,Renious;Renic,
76,Os,Osmio,76,8,6,Metal,Lanthanides,Solid,2;3;4;6;8,190.23,22.6,5030,3045,5,Osmio,Osmious;Osmic,Osmious;Osmic,Osmious;Osmic,
